JUD	front	intro	xh5n	JUD_front_intro_xh5n		# Introduction à Jude<br><br>## Première partie : Introduction générale<br><br>#### Schéma du livre de Jude<br><br>1. Introduction (1:1-2)<br>2. Mise en garde contre les faux enseignants (1:3-4)<br>3. Comparaison des faux enseignants aux exemples de l’Ancien Testament (1:5-16)<br>4. Exhortation à mener une vie pieuse en réponse (1:17-23)<br>5. Louanges à Dieu (1:24-25)<br><br>### Qui a écrit le livre de Jude?<br><br>L’auteur s’est identifié comme étant Jude, le frère de Jacques. Jude et Jacques étaient tous deux des demi-frères de Jésus. On ignore si cette lettre était destinée à une église spécifique.<br><br>### De quoi parle le livre de Jude?<br><br>Jude a écrit cette lettre pour mettre en garde les croyants contre les faux enseignants. Jude fait souvent référence à l’Ancien Testament. Cela peut suggérer que Jude écrivait à un public chrétien juif. Cette lettre et 2 Pierre ont un contenu similaire. Elles parlent toutes deux des anges, de Sodome et Gomorrhe, et des faux enseignants.<br><br>### Comment traduire le titre de ce livre?<br><br>Les traducteurs peuvent choisir d’appeler ce livre par son titre traditionnel, “Jude”. Ou ils peuvent choisir un titre plus clair, tel que “La lettre de Jude” ou “La lettre que Jude a écrite.” (Voir : [[rc://fr/ta/man/translate/translate-names]])<br><br>## Partie 2 : Concepts religieux et culturels importants<br><br>#### Qui étaient les personnes contre lesquelles Jude s’est exprimé ?<br><br>Il est possible que les personnes contre lesquelles Jude s’est exprimé étaient celles qui seraient plus tard connues sous le nom de gnostiques. Ces enseignants déformaient les enseignements de l’Écriture pour leur propre profit. Ils vivaient de façon immorale et enseignaient aux autres à faire de même.<br><br>## Partie 3 : Questions importantes de traduction<br><br>### Singulier et pluriel “vous”<br><br>Dans ce livre, le mot “je” fait référence à Jude. De même, le mot “vous” est toujours au pluriel et fait référence à l’auditoire de Jude. (Voir : [[rc://fr/ta/man/translate/figs-exclusive]] et [[rc://fr/ta/man/translate/figs-you]])<br><br>###Quels sont les problèmes majeurs du texte du livre de 2 Pierre ?<br><br>Pour le verset suivant, il existe des différences entre certains manuscrits anciens. Le texte ULT suit la lecture que la plupart des érudits considèrent comme originale et met l’autre lecture dans une note de bas de page. Si une traduction de la Bible existe dans la langue de communication la plus répandue dans la région, les traducteurs peuvent envisager d’utiliser la lecture trouvée dans cette version. Sinon, il est conseillé aux traducteurs de suivre la lecture de l’ULT.<br>* “que Jésus, ayant sauvé un peuple du pays d’Égypte” [(v. 5)](../01/05.md). Certains manuscrits anciens ont : “que le Seigneur, ayant sauvé un peuple du pays d’Égypte” <br><br>(Voir : [[rc://fr/ta/man/translate/translate-textvariants]]).
JUD	1	1	ek3q	JUD_1_1_ek3q	Ἰούδας	Dans cette culture, les auteurs de lettres donnent d’abord leur propre nom et se réfèrent à eux-mêmes à la troisième personne. Si cela peut prêter à confusion dans votre langue, vous pouvez utiliser la première personne. Si votre langue a une façon particulière de présenter l’auteur d’une lettre, vous pouvez également l’utiliser. Traduction alternative : “Je, Jude, écris cette lettre” ou “De Jude” (Voir : [[rc://fr/ta/man/translate/figs-123person]])
JUD	1	1	npc3	JUD_1_1_npc3	Ἰούδας	**Jude** est le nom d’un homme, le frère de Jacques. Voir les informations le concernant dans la première partie de l’introduction à Jude. (Voir : [[rc://fr/ta/man/translate/translate-names]])
JUD	1	1	zov5	JUD_1_1_zov5	Ἰησοῦ Χριστοῦ δοῦλος, ἀδελφὸς δὲ Ἰακώβου	Ces phrases donnent des informations supplémentaires sur Jude. Il se décrit comme étant à la fois **un serviteur de Jésus-Christ** et **un frère de Jacques**. Cela le distingue des deux autres hommes nommés Jude dans le Nouveau Testament, que les traductions anglaises distinguent généralement de Jude en traduisant leurs noms par “Judas”. (Voir : [[rc://fr/ta/man/translate/figs-distinguish]])
JUD	1	1	m3v1	JUD_1_1_m3v1	ἀδελφὸς…Ἰακώβου	**Jacques** et Jude étaient des demi-frères de Jésus. Joseph était leur père physique, mais il n’était pas le père physique de Jésus. Si vos lecteurs comprenaient mal cette relation, vous pourriez l’exprimer explicitement. Traduction alternative : “un frère de Jacques, tous deux étant demi-frères de Jésus” (Voir : [[rc://fr/ta/man/translate/figs-explicit]])
JUD	1	1	p5yl	JUD_1_1_p5yl	τοῖς	Dans cette culture, après avoir donné leur propre nom, les auteurs de lettres disaient ensuite à qui ils écrivaient, en nommant ces personnes à la troisième personne. Si cela peut prêter à confusion dans votre langue, vous pouvez utiliser la deuxième personne. Autre traduction : “à vous qui êtes” (Voir : [[rc://fr/ta/man/translate/figs-123person]])
JUD	1	1	din3	JUD_1_1_din3	κλητοῖς	Que ces personnes aient été **appelées** implique que Dieu les a appelées et sauvées. Traduction alternative : “et que Dieu a appelés et sauvés” (Voir : [[rc://fr/ta/man/translate/figs-explicit]])
JUD	1	1	gorg	JUD_1_1_gorg	ἐν Θεῷ Πατρὶ ἠγαπημένοις	Si votre langue n’utilise pas cette forme passive, vous pouvez l’exprimer avec une forme active. Traduction alternative : “que Dieu le Père aime” (Voir : [[rc://fr/ta/man/translate/figs-activepassive]])
JUD	1	1	rih9	JUD_1_1_rih9	Θεῷ Πατρὶ	**Père** est un titre important pour Dieu. (Voir : [[rc://fr/ta/man/translate/guidelines-sonofgodprinciples]])
JUD	1	1	s3oh	JUD_1_1_s3oh	Ἰησοῦ Χριστῷ τετηρημένοις κλητοῖς	Si votre langue n’utilise pas la forme passive **gardé {et} appelé**, vous pourriez exprimer cela avec une forme active. Traduction alternative : “ceux que Jésus-Christ garde et appelle” (Voir : [[rc://fr/ta/man/translate/figs-activepassive]])
JUD	1	2	wjsn	JUD_1_2_wjsn	ἔλεος ὑμῖν, καὶ εἰρήνη, καὶ ἀγάπη πληθυνθείη.	Dans cette culture, les auteurs de lettres offraient un bon souhait au destinataire avant d’introduire l’objet principal de la lettre. Utilisez une formule dans votre langue qui indique clairement qu’il s’agit d’une salutation et d’une bénédiction. Traduction alternative : “Que Dieu augmente sa miséricorde, sa paix et son amour pour vous” (Voir : [[rc://fr/ta/man/translate/translate-blessing]])
JUD	1	2	r5ae	JUD_1_2_r5ae	ἔλεος ὑμῖν, καὶ εἰρήνη, καὶ ἀγάπη πληθυνθείη	Si vos lecteurs comprenaient mal les noms abstraits **miséricorde**, **paix**, et **amour**, vous pourriez exprimer les idées qui les sous-tendent avec des expressions équivalentes. Traduction alternative : “Que Dieu multiplie ses actes miséricordieux envers vous et vous donne un esprit plus paisible et vous aime de plus en plus” (Voir : [[rc://fr/ta/man/translate/figs-abstractnouns]]).
JUD	1	2	q2qo	JUD_1_2_q2qo	ἔλεος…καὶ εἰρήνη, καὶ ἀγάπη πληθυνθείη.	Jude parle de **miséricorde et paix et amour** comme s’il s’agissait d’objets qui pourraient augmenter en taille ou en nombre. Si cela prête à confusion dans votre langue, vous pouvez utiliser une métaphore différente qui signifie que ces choses vont augmenter, ou utiliser un langage simple. Traduction alternative : “Que Dieu augmente sa miséricorde, sa paix et son amour” (Voir : [[rc://fr/ta/man/translate/figs-metaphor]])
JUD	1	2	etoo	JUD_1_2_etoo	ὑμῖν	Le mot **vous** dans cette lettre se réfère aux chrétiens à qui Jude écrivait et est toujours au pluriel. (Voir : [[rc://fr/ta/man/translate/figs-you]])
JUD	1	3	htjd	JUD_1_3_htjd	ἀγαπητοί	**Les bien-aimés** désigne ici ceux à qui Jude écrit ; on peut l’étendre à tous les croyants. Si vos lecteurs comprenaient mal ce terme, vous pourriez l’exprimer explicitement. Traduction alternative : “Bien-aimés coreligionnaires” (Voir : [[rc://fr/ta/man/translate/figs-exclusive]])
JUD	1	3	yfa8	JUD_1_3_yfa8	πᾶσαν σπουδὴν ποιούμενος γράφειν ὑμῖν	Cette clause pourrait faire référence à : (1) le fait que Jude avait l’intention d’écrire sur un sujet différent de celui de cette lettre. Traduction alternative : “bien que faisant tous les efforts possibles pour vous écrire” (2) le moment où Jude écrivait. Autre traduction : “quand il s’efforçait de t’écrire”.
JUD	1	3	mi3w	JUD_1_3_mi3w	περὶ τῆς κοινῆς ἡμῶν σωτηρίας	Traduction alternative : “concernant le salut que nous partageons”
JUD	1	3	kvkg	JUD_1_3_kvkg	περὶ τῆς κοινῆς ἡμῶν σωτηρίας	Si vos lecteurs comprennent mal le nom abstrait **salut**, vous pouvez exprimer l’idée qui le sous-tend par une phrase verbale. Traduction alternative : “sur la façon dont Dieu nous a sauvés tous ensemble” (Voir : [[rc://fr/ta/man/translate/figs-abstractnouns]])
JUD	1	3	kjk6	JUD_1_3_kjk6	ἡμῶν	Ici, **notre** fait référence à Jude et à son auditoire, des coreligionnaires. (Voir : [[rc://fr/ta/man/translate/figs-exclusive]])
JUD	1	3	si1u	JUD_1_3_si1u	ἀνάγκην ἔσχον γράψαι	Si vos lecteurs comprenaient mal le nom abstrait **nécessité**, vous pourriez exprimer l’idée qui le sous-tend avec une expression équivalente. Traduction alternative : “J’avais besoin d’écrire” (Voir : [[rc://fr/ta/man/translate/figs-abstractnouns]])
JUD	1	3	yyf4	JUD_1_3_yyf4	παρακαλῶν ἐπαγωνίζεσθαι τῇ…πίστει	Il s’agit d’une clause de finalité. Jude indique le but dans lequel il a écrit la lettre. Dans votre traduction, suivez les conventions de votre langue pour les clauses de but. Traduction alternative (sans la virgule qui précède) : “afin de vous exhorter à lutter pour la foi” (Voir : [[rc://fr/ta/man/translate/grammar-connect-logic-goal]])
JUD	1	3	ls3z	JUD_1_3_ls3z	παρακαλῶν ἐπαγωνίζεσθαι τῇ…πίστει	Jude omet le mot “vous” qui, dans de nombreuses langues, est nécessaire pour que la phrase soit complète. Ce mot peut être fourni par la clause précédente. Traduction alternative : “vous exhortant à lutter pour la foi” (Voir : [[rc://fr/ta/man/translate/figs-ellipsis]])
JUD	1	3	pvyp	JUD_1_3_pvyp	τῇ ἅπαξ παραδοθείσῃ τοῖς ἁγίοις πίστει	Si votre langue n’utilise pas la forme passive **livré**, vous indiquez qui a fait l’action. Traduction alternative : “pour la foi que Dieu a livrée une fois pour toutes aux saints” (Voir : [[rc://fr/ta/man/translate/figs-activepassive]])
JUD	1	3	j67u	JUD_1_3_j67u	ἅπαξ	Ici, **> une fois pour toutes <** exprime l’idée de quelque chose qui n’a été fait qu’une fois et jamais plus. Le sens de **> pour tous <** est “pour tous les temps”. Il ne signifie pas “pour le bien de toutes les personnes”.
JUD	1	4	he1b	JUD_1_4_he1b	γάρ	Ici, **Pour** indique que Jude donne une raison pour laquelle il a dit dans le verset précédent qu’il veut que ses lecteurs “luttent pour la foi.” Traduction alternative : “Je veux que vous fassiez ceci parce que” (Voir : [[rc://fr/ta/man/translate/grammar-connect-logic-result]])
JUD	1	4	v94i	JUD_1_4_v94i	παρεισέδυσαν γάρ τινες ἄνθρωποι	Traduction alternative : “Car certains hommes se sont faufilés sans se faire remarquer” ou “Car certains hommes sont entrés sans attirer l’attention sur eux”.
JUD	1	4	qevn	JUD_1_4_qevn	παρεισέδυσαν γάρ τινες ἄνθρωποι	Dans cette phrase, Jude laisse de côté des mots dont il aurait besoin dans de nombreuses langues pour être complet. Si cette phrase est nécessaire dans votre langue, elle peut être fournie par le verset [12](../01/12.md). Traduction alternative : “Car certains hommes sont entrés secrètement dans vos fêtes d’amour” ou “Car certains hommes sont entrés secrètement dans vos réunions” (Voir : [[rc://fr/ta/man/translate/figs-ellipsis]]).
JUD	1	4	wwz3	JUD_1_4_wwz3	οἱ πάλαι προγεγραμμένοι εἰς τοῦτο τὸ κρίμα	Si votre langue n’utilise pas cette forme passive **ayant été désigné, vous pouvez indiquer qui a fait l’action. Traduction alternative : “des hommes que Dieu a depuis longtemps désignés d’avance pour cette condamnation” (Voir : [[rc://fr/ta/man/translate/figs-activepassive]])
JUD	1	4	c7a6	JUD_1_4_c7a6	εἰς τοῦτο τὸ κρίμα	Si vos lecteurs comprenaient mal le nom abstrait **condamnation**, vous pourriez exprimer l’idée qui le sous-tend avec une expression équivalente. Traduction alternative : “être condamné” (Voir : [[rc://fr/ta/man/translate/figs-abstractnouns]])
JUD	1	4	u2oj	JUD_1_4_u2oj	ἀσεβεῖς	Ici, **impies** fait référence aux “certains hommes” mentionnés au début du verset. Ils sont les faux enseignants contre lesquels Jude met en garde ses lecteurs. Si vos lecteurs comprenaient mal ce terme, vous pourriez l’exprimer explicitement. Traduction alternative : “faux enseignants impies” (Voir : [[rc://fr/ta/man/translate/figs-explicit]])
JUD	1	4	c642	JUD_1_4_c642	τὴν τοῦ Θεοῦ ἡμῶν χάριτα μετατιθέντες εἰς ἀσέλγειαν	Ici, on parle de la **grâce de Dieu** au sens figuré, comme s’il s’agissait d’une chose qui pourrait être changée en quelque chose de pécheur. Si cela prête à confusion dans votre langue, vous pourriez traduire cela d’une manière non figurative. Les faux enseignants enseignaient que les croyants pouvaient faire des actes sexuellement immoraux parce que la grâce de Dieu le permettait. Paul s’est attaqué à ce genre de faux enseignement lorsqu’il a écrit dans Romains 6:1-2a : “Devrions-nous persister dans le péché pour que la grâce abonde ? Qu’il n’en soit jamais ainsi !” Traduction alternative : “enseigner que la grâce de Dieu permet la licence” (Voir : [[rc://fr/ta/man/translate/figs-metaphor]])
JUD	1	4	g35s	JUD_1_4_g35s	ἡμῶν…ἡμῶν	Les deux occurrences de **notre** dans ce verset font référence à tous les croyants. (Voir : [[rc://fr/ta/man/translate/figs-exclusive]])
JUD	1	4	esef	JUD_1_4_esef	τὴν τοῦ Θεοῦ ἡμῶν χάριτα	Si vos lecteurs comprenaient mal le nom abstrait **grâce**, vous pourriez exprimer l’idée qui le sous-tend avec une expression équivalente. Traduction alternative : “les actes de bonté de notre Dieu” (Voir : [[rc://fr/ta/man/translate/figs-abstractnouns]])
JUD	1	4	tmju	JUD_1_4_tmju	εἰς ἀσέλγειαν	Au cas où vos lecteurs comprendraient mal le nom abstrait **licence**, vous pourriez exprimer l’idée qui le sous-tend à l’aide d’une phrase adjective. Traduction alternative : “en comportement licencieux” (Voir : [[rc://fr/ta/man/translate/figs-abstractnouns]])
JUD	1	4	ws1b	JUD_1_4_ws1b	τὸν μόνον Δεσπότην καὶ Κύριον ἡμῶν, Ἰησοῦν Χριστὸν, ἀρνούμενοι	Traduction alternative : “ enseigner que Jésus-Christ n’est pas notre Maître et Seigneur “.
JUD	1	4	p7g6	JUD_1_4_p7g6	τὸν μόνον Δεσπότην καὶ Κύριον ἡμῶν	Ici, **Seigneur** signifie “la personne qui est seigneur sur nous” ou “la personne qui nous gouverne”. La conjonction **et** indique que **notre** s’applique également en retour à **seulement Maître**, c’est-à-dire “ la personne qui nous possède. “ Traduction alternative : “la seule personne qui nous possède et qui règne sur nous” (voir : [[rc://fr/ta/man/translate/figs-possession]]).
JUD	1	5	pg0e	JUD_1_5_pg0e	ὑπομνῆσαι…ὑμᾶς βούλομαι, εἰδότας ὑμᾶς ἅπαξ πάντα	Si cela était naturel dans votre langue, vous pourriez inverser l’ordre des deux premières clauses. Traduction alternative : “vous connaissant toutes choses une fois pour toutes, je veux vous les rappeler” (Voir : [[rc://fr/ta/man/translate/figs-infostructure]])
JUD	1	5	fa5e	JUD_1_5_fa5e	πάντα	Ici, **toutes les {choses}** fait spécifiquement référence à toutes les informations que Jude va rappeler à ses lecteurs. Cela ne signifie pas tout ce qu’il y a à savoir sur Dieu ou tout en général. Si vos lecteurs comprenaient mal cette phrase, vous pourriez l’exprimer explicitement. Traduction alternative : “toutes ces choses que je vous rappelle” (Voir : [[rc://fr/ta/man/translate/figs-explicit]])
JUD	1	5	xiss	JUD_1_5_xiss	ὅτι Ἰησοῦς	Ici, certains manuscrits anciens ont, “que le Seigneur”. Consultez la discussion sur les questions textuelles à la fin de l’introduction à Jude pour décider de la phrase à utiliser dans votre traduction. (Voir : [[rc://fr/ta/man/translate/translate-textvariants]])
JUD	1	5	z1h9	JUD_1_5_z1h9	λαὸν ἐκ γῆς Αἰγύπτου σώσας	Cela pourrait signifier que : (1) Jude indique le moment de l’événement décrit dans cette clause, auquel cas le moment est rendu clair par l’occurrence de “après” dans la clause suivante. (2) Jude établit un contraste entre ce que Jésus a fait dans cette clause et ce qu’il a fait dans la suivante. Traduction alternative : “bien qu’il ait sauvé un peuple du pays d’Egypte”.
JUD	1	5	f4mm	JUD_1_5_f4mm	λαὸν ἐκ γῆς Αἰγύπτου σώσας	Si cela peut être utile à vos lecteurs, vous pourriez indiquer explicitement qui étaient les personnes qu’il a **sauvées**. Traduction alternative : “ ayant sauvé le peuple d’Israël du pays d’Égypte “ ou “ ayant sauvé les Israélites du pays d’Égypte “ (Voir : [[rc://fr/ta/man/translate/figs-explicit]]).
JUD	1	6	g5ld	JUD_1_6_g5ld	τοὺς μὴ τηρήσαντας τὴν ἑαυτῶν ἀρχὴν	Ici, Jude utilise cette expression pour distinguer les **anges** qui ont été gardés par Dieu pour le jugement de ceux qui ne l’ont pas été. (Voir : [[rc://fr/ta/man/translate/figs-distinguish]])
JUD	1	6	pt1k	JUD_1_6_pt1k	τὴν ἑαυτῶν ἀρχὴν	Ici, le mot traduit par **> domaine <** fait référence à la sphère d’influence d’une personne ou au lieu où elle a de l’autorité. Traduction alternative : “sa propre zone d’influence” ou “son propre lieu d’autorité”.
JUD	1	6	s3cn	JUD_1_6_s3cn	δεσμοῖς ἀϊδίοις ὑπὸ ζόφον τετήρηκεν	Ici, **il** se réfère à Dieu. Si cela peut être utile pour vos lecteurs, vous pouvez l’exprimer explicitement. Traduction alternative : “Dieu a gardé dans des chaînes éternelles, sous les ténèbres” (Voir : [[rc://fr/ta/man/translate/writing-pronouns]])
JUD	1	6	c8gf	JUD_1_6_c8gf	δεσμοῖς ἀϊδίοις…τετήρηκεν	Ici, **> gardé dans des chaînes éternelles <** fait référence à un emprisonnement qui dure pour toujours. Si vos lecteurs comprenaient mal cette phrase, vous pourriez inclure l’idée d’emprisonnement dans votre traduction. Traductions alternatives : “Dieu a emprisonné pour l’éternité”
JUD	1	6	s1j9	JUD_1_6_s1j9	ὑπὸ ζόφον	Ici, **ténèbres** est une métonymie qui représente le lieu des morts ou l’enfer. Traduction alternative : “dans l’obscurité totale de l’enfer” (Voir : [[rc://fr/ta/man/translate/figs-metonymy]])
JUD	1	6	jzdj	JUD_1_6_jzdj	εἰς κρίσιν μεγάλης ἡμέρας	Cette phrase donne le but ou l’objectif pour lequel les anges ont été emprisonnés. Traduction alternative : “dans le but du jugement du grand jour” (Voir : [[rc://fr/ta/man/translate/grammar-connect-logic-goal]])
JUD	1	6	k1c6	JUD_1_6_k1c6	εἰς κρίσιν μεγάλης ἡμέρας	Si vos lecteurs comprenaient mal le nom abstrait **jugement**, vous pourriez exprimer l’idée qui le sous-tend avec une expression équivalente. Traduction alternative : “pour le grand jour où Dieu juge” (Voir : [[rc://fr/ta/man/translate/figs-abstractnouns]])
JUD	1	6	ccz6	JUD_1_6_ccz6	μεγάλης ἡμέρας	Ici, **le grand jour** fait référence au “jour du Seigneur”, qui est le moment où Dieu juge tout le monde, et où Jésus revient sur terre. (Voir : [[rc://fr/tw/dict/bible/kt/dayofthelord]]) Si cela peut être utile à vos lecteurs, vous pourriez l’exprimer explicitement. Traduction alternative : “le grand jour du Seigneur” (Voir : [[rc://fr/ta/man/translate/figs-explicit]])
JUD	1	7	yn36	JUD_1_7_yn36	Σόδομα καὶ Γόμορρα, καὶ αἱ περὶ αὐτὰς πόλεις	Ici, **Sodome**, **Gomorrhe**, et **villes** font tous référence aux personnes qui vivaient dans ces villes. Traduction alternative : “ les gens de la région de Sodome et Gomorrhe “ (Voir : [[rc://fr/ta/man/translate/figs-metonymy]]).
JUD	1	7	r3e9	JUD_1_7_r3e9	τὸν ὅμοιον τρόπον τούτοις	Ici, **ces** se réfèrent aux anges mentionnés dans le verset précédent. Les péchés sexuels de Sodome et Gomorrhe étaient le résultat du même type de rébellion que les mauvaises manières des anges. Si vos lecteurs comprenaient mal cette phrase, vous pourriez l’exprimer explicitement. Traduction alternative : “de la même manière que ces anges méchants” (Voir : [[rc://fr/ta/man/translate/writing-pronouns]])
JUD	1	7	tr3y	JUD_1_7_tr3y	ἐκπορνεύσασαι	Si vos lecteurs comprenaient mal le nom abstrait **immortalité sexuelle**, vous pourriez exprimer l’idée qui le sous-tend avec une expression équivalente. Traduction alternative : “ avoir commis des actes sexuellement immoraux “ (Voir : [[rc://fr/ta/man/translate/figs-abstractnouns]]).
JUD	1	7	q9jk	JUD_1_7_q9jk	καὶ ἀπελθοῦσαι ὀπίσω σαρκὸς ἑτέρας	Ici, Jude utilise l’expression **ayant poursuivi** au sens figuré pour se référer à l’engagement actif dans une activité inappropriée au lieu d’une activité appropriée. Cette expression est fréquemment utilisée dans la Bible pour décrire des personnes adorant de faux dieux ou s’adonnant à l’immoralité sexuelle. Si vos lecteurs comprendraient mal cette expression, vous pouvez l’exprimer au sens propre. Traduction alternative : “et se livrant habituellement à l’immoralité sexuelle avec d’autres chairs” (Voir : [[rc://fr/ta/man/translate/figs-metaphor]])
JUD	1	7	wp6v	JUD_1_7_wp6v	σαρκὸς ἑτέρας	Ici, **> autre chair <** pourrait se référer à : (1) l’immoralité sexuelle mentionnée dans la clause précédente. Traduction alternative : “relations sexuelles inconvenantes” (2) la chair d’une espèce différente, en l’occurrence en référence aux anges avec lesquels les habitants de Sodome et Gomorrhe veulent avoir des relations sexuelles. Traduction alternative : “chair d’une espèce différente”
JUD	1	7	pi4t	JUD_1_7_pi4t	πρόκεινται δεῖγμα	La destruction des habitants de Sodome et Gomorrhe est un **exemple** de ce qui arrive aux personnes qui rejettent Dieu. Si vos lecteurs comprenaient mal cette phrase, vous pourriez l’exprimer explicitement. Traduction alternative : “sont affichés comme un exemple de ceux qui rejettent Dieu” (Voir : [[rc://fr/ta/man/translate/figs-explicit]])
JUD	1	7	jhdl	JUD_1_7_jhdl	πυρὸς αἰωνίου δίκην ὑπέχουσαι	Si vos lecteurs comprennent mal le nom abstrait **punition**, vous pouvez exprimer l’idée qui le sous-tend par une phrase verbale. Traduction alternative : “souffrant lorsque Dieu les punit par le feu éternel” (Voir : [[rc://fr/ta/man/translate/figs-abstractnouns]])
JUD	1	8	p12m	JUD_1_8_p12m	ὁμοίως	Ici, **de la même manière** renvoie à l’immoralité sexuelle des habitants de Sodome et Gomorrhe dont il est question dans le verset précédent, et éventuellement au comportement inapproprié des anges méchants dont il est question dans le verset [6](../01/06.md). Si vos lecteurs comprennent mal ce lien, vous pourriez l’exprimer explicitement. Traduction alternative : “de la même manière que ces immoraux” (Voir : [[rc://fr/ta/man/translate/figs-explicit]])
JUD	1	8	ujs2	JUD_1_8_ujs2	οὗτοι ἐνυπνιαζόμενοι	Ici, **ces** se réfèrent aux faux enseignants présentés au verset [4](../01/04.md). Si vos lecteurs comprenaient mal cette phrase, vous pourriez l’exprimer explicitement. Traduction alternative : “ces faux docteurs qui rêvent” (Voir : [[rc://fr/ta/man/translate/writing-pronouns]])
JUD	1	8	ez4l	JUD_1_8_ez4l	σάρκα μὲν μιαίνουσιν	Ici, **chair** fait référence aux corps de ces faux enseignants. Paul est d’accord avec cette idée lorsqu’il dit dans 1 Corinthiens 6:18 que l’immoralité sexuelle est un péché contre son propre corps. Si vos lecteurs comprennent mal cette idée, vous pourriez l’exprimer explicitement. Traduction alternative : “souillent leur corps” (Voir : [[rc://fr/ta/man/translate/figs-metonymy]])
JUD	1	8	q9ct	JUD_1_8_q9ct	κυριότητα	Ici, **> seigneurie <** pourrait se référer à : (1) la seigneurie de Jésus. Traduction alternative : “l’autorité dominante de Jésus” (2) la seigneurie de Dieu. Autre traduction : “l’autorité dominante de Dieu”
JUD	1	8	qvhs	JUD_1_8_qvhs	κυριότητα…ἀθετοῦσιν	Si vos lecteurs comprenaient mal le nom abstrait **seigneurie**, vous pourriez exprimer l’idée qui le sous-tend avec une expression équivalente. Traduction alternative : “ rejeter ce que Jésus commande “ ou “ rejeter ce que Dieu commande “ (Voir : [[rc://fr/ta/man/translate/figs-abstractnouns]]).
JUD	1	8	pn3j	JUD_1_8_pn3j	δόξας	Ici, **> glorieux <** se réfère à des êtres spirituels, tels que les anges. Traduction alternative : “êtres spirituels glorieux”
JUD	1	9	uzj1	JUD_1_9_uzj1	κρίσιν ἐπενεγκεῖν βλασφημίας	Ici, Jude parle au sens figuré du **jugement** comme si c’était quelque chose que quelqu’un peut **apporter** d’un endroit à un autre. Si vos lecteurs comprenaient mal cette métaphore, vous pourriez l’exprimer de manière non figurative. Traduction alternative : “ prononcer un jugement de calomnie contre lui “ (Voir : [[rc://fr/ta/man/translate/figs-metaphor]]).
JUD	1	9	v9fh	JUD_1_9_v9fh	κρίσιν ἐπενεγκεῖν βλασφημίας	Si vos lecteurs comprenaient mal le nom abstrait **jugement**, vous pourriez exprimer l’idée qui le sous-tend avec une expression équivalente. Traduction alternative : “l’accuser de calomnie” (Voir : [[rc://fr/ta/man/translate/figs-abstractnouns]])
JUD	1	9	lxf3	JUD_1_9_lxf3	κρίσιν ἐπενεγκεῖν βλασφημίας	Jude utilise la forme possessive pour décrire un **jugement** qui est caractérisé par **la calomnie**. Si cela n’est pas clair dans votre langue, vous pourriez utiliser une phrase pour l’expliquer. Traduction alternative : “ porter contre lui un jugement calomnieux “ (Voir : [[rc://fr/ta/man/translate/figs-possession]]).
JUD	1	10	h6sq	JUD_1_10_h6sq	οὗτοι	Ici, **ces derniers** fait référence aux faux enseignants introduits au verset [4](../01/04.md). Si vos lecteurs comprenaient mal cette phrase, vous pourriez l’exprimer explicitement. Traduction alternative : “ces faux enseignants” (Voir : [[rc://fr/ta/man/translate/writing-pronouns]])
JUD	1	10	fjm5	JUD_1_10_fjm5	ὅσα…οὐκ οἴδασιν	Ce mot **> ce que <** pourrait faire référence à : (1) le monde spirituel dont il est question dans le verset précédent. Traduction alternative : “le monde spirituel, qu’ils ne comprennent pas” (2) les glorieux mentionnés au verset [8](../01/08.md). Autre traduction : “les glorieux, qu’ils ne comprennent pas”.
JUD	1	10	q640	JUD_1_10_q640	ὅσα…φυσικῶς ὡς τὰ ἄλογα ζῷα ἐπίστανται	Cette clause fait référence à l’immoralité sexuelle des faux enseignants, qui vivent inconsidérément selon leurs désirs sexuels naturels, comme le font les animaux. Au cas où vos lecteurs comprendraient mal cette simile, vous pourriez la traduire de manière non figurative. Traduction alternative : “ce qu’ils comprennent naturellement, des désirs sexuels effrénés” (Voir : [[rc://fr/ta/man/translate/figs-simile]])
JUD	1	10	x35l	JUD_1_10_x35l	ἐν τούτοις	Ici, **ces {choses}** renvoie à “ce qu’ils comprennent par instinct”, c’est-à-dire des actes sexuellement immoraux. Si vos lecteurs comprenaient mal cela, vous pourriez l’exprimer explicitement. Traduction alternative : “par ces actes sexuellement immoraux” (Voir : [[rc://fr/ta/man/translate/writing-pronouns]])
JUD	1	10	z0n7	JUD_1_10_z0n7	ἐν τούτοις φθείρονται	Si votre langue n’utilise pas la forme passive **are being destroyed**, vous pouvez l’exprimer avec une forme active. Traduction alternative : “ces choses les détruisent” (Voir : [[rc://fr/ta/man/translate/figs-activepassive]])
JUD	1	11	b33e	JUD_1_11_b33e	οὐαὶ αὐτοῖς	L’expression **Malheur à eux** est l’opposé de “vous êtes bénis”. Elle indique que de mauvaises choses vont arriver aux personnes auxquelles on s’adresse, parce qu’elles ont déplu à Dieu. Traduction alternative : “ Que c’est terrible pour eux “ ou “ Des ennuis leur arriveront “ (Voir : [[rc://fr/ta/man/translate/figs-idiom]]).
JUD	1	11	j3g9	JUD_1_11_j3g9	τῇ ὁδῷ τοῦ Κάϊν ἐπορεύθησαν	Ici, **être allé dans le sens** est une métaphore de “avoir vécu de la même manière que”. Si vos lecteurs comprenaient mal cette métaphore, vous pourriez l’exprimer de manière non figurative. Traduction alternative : “ils ont vécu de la même manière que Caïn” (Voir : [[rc://fr/ta/man/translate/figs-metaphor]])
JUD	1	11	yg9b	JUD_1_11_yg9b	τοῦ Κάϊν	Ici, Jude compare les faux enseignants à **Caïn**. Jude suppose que ses lecteurs sauront qu’il fait référence à une histoire relatée dans le livre de la Genèse de l’Ancien Testament. Dans cette histoire, Caïn a fait une offrande inacceptable à Dieu, et Dieu a rejeté son offrande. En conséquence, il s’est mis en colère et a été jaloux de son frère Abel, car Dieu avait accepté l’offrande d’Abel. La colère et la jalousie de Caïn l’ont conduit à tuer son frère. Dieu a puni Caïn en le bannissant de la culture de la terre. De plus, à l’époque où Jude a écrit cette lettre, les Juifs considéraient Caïn comme un exemple de personne qui enseignait aux autres comment pécher, ce que faisaient ces faux enseignants. Vous pouvez indiquer certains de ces éléments de manière explicite si cela peut être utile à vos lecteurs, en particulier s’ils ne connaissent pas l’histoire. Autre traduction, sous forme de déclaration : “de Caïn, qui assassina son frère” (Voir : [[rc://fr/ta/man/translate/figs-explicit]])
JUD	1	11	zsdw	JUD_1_11_zsdw	ἐξεχύθησαν	Traduction alternative : “ils se sont pleinement engagés”
JUD	1	11	tmf2	JUD_1_11_tmf2	τοῦ Βαλαὰμ μισθοῦ	Ici, Jude compare les faux enseignants à **Balaam**. Jude suppose que ses lecteurs sauront qu’il fait référence à une histoire relatée dans le livre des Nombres de l’Ancien Testament. Dans cette histoire, Balaam a été engagé par des rois méchants pour maudire les Israélites. Lorsque Dieu ne lui a pas permis de le faire, Balaam a utilisé des femmes méchantes pour séduire les Israélites et les inciter à l’immoralité sexuelle et à l’adoration des idoles afin que Dieu les punisse pour leur désobéissance. Balaam a fait ces choses méchantes parce qu’il voulait être payé par les rois méchants, mais il a finalement été tué par les Israélites lorsqu’ils ont conquis le pays de Canaan. Vous pouvez l’indiquer explicitement si cela peut être utile à vos lecteurs, surtout s’ils ne connaissent pas l’histoire. Autre traduction, sous forme de déclaration : “de Balaam, qui entraîna les Israélites dans l’immoralité pour de l’argent” (Voir : [[rc://fr/ta/man/translate/figs-explicit]])
JUD	1	11	qlof	JUD_1_11_qlof	τοῦ Κόρε	Ici, Jude compare les faux enseignants à **Koré**. Jude suppose que ses lecteurs sauront qu’il fait référence à une histoire relatée dans le livre des Nombres de l’Ancien Testament. Dans cette histoire, Koré était un homme d’Israël qui a mené une rébellion contre le leadership de Moïse et Aaron, que Dieu avait désigné. Dieu a tué Koré et tous ceux qui se sont rebellés avec lui en brûlant certains d’entre eux et en ouvrant la terre pour engloutir les autres. Vous pouvez indiquer certains de ces éléments de manière explicite si cela peut être utile à vos lecteurs, en particulier s’ils ne connaissent pas l’histoire. Autre traduction, sous forme de déclaration : “de Koré, qui se rebella contre les chefs désignés par Dieu” (Voir : [[rc://fr/ta/man/translate/figs-explicit]])
JUD	1	11	tspu	JUD_1_11_tspu	ἀπώλοντο	Jude utilise le passé au sens figuré pour faire référence à quelque chose qui se produira dans le futur. Il le fait pour montrer que l’événement se produira certainement. Si cela n’est pas clair dans votre langue, vous pouvez utiliser le futur. Autre traduction : “ils périront certainement” (Voir : [[rc://fr/ta/man/translate/figs-pastforfuture]])
JUD	1	12	r875	JUD_1_12_r875	οὗτοί	Ici, **Ceux-là** fait référence aux faux enseignants introduits au verset [4](../01/04.md). Si vos lecteurs comprenaient mal cette phrase, vous pourriez l’exprimer explicitement. Traduction alternative : “Ces faux enseignants” (Voir : [[rc://fr/ta/man/translate/writing-pronouns]])
JUD	1	12	e25d	JUD_1_12_e25d	σπιλάδες	Ici, **les récifs** sont de gros rochers qui sont très proches de la surface de l’eau dans la mer. Comme les marins ne peuvent pas les voir, ils sont très dangereux. Les navires peuvent facilement être détruits s’ils heurtent ces rochers. Si vos lecteurs comprenaient mal cette métaphore, vous pourriez l’exprimer par une simile ou de manière non figurative. Traduction alternative : “ils sont comme des récifs cachés” ou “bien qu’ils passent inaperçus, ces gens sont extrêmement dangereux” (Voir : [[rc://fr/ta/man/translate/figs-metaphor]])
JUD	1	12	aq79	JUD_1_12_aq79	ταῖς ἀγάπαις	Ici, **les fêtes d’amour** font référence aux rassemblements de chrétiens où ils prenaient un repas ensemble. Ces **fêtes** avaient lieu dans l’église primitive et incluaient très probablement le partage du pain et du vin pour se souvenir de la mort de Jésus, ce que Paul appelle “la Cène” dans 1 Corinthiens 11:20. Si vos lecteurs risquent de mal comprendre, vous pourriez exprimer certaines de ces informations de manière explicite. Traduction alternative : “repas en commun avec d’autres croyants” (Voir : [[rc://fr/ta/man/translate/translate-unknown]])
JUD	1	12	emua	JUD_1_12_emua	ἑαυτοὺς ποιμαίνοντες	Ici, Jude parle au sens figuré des faux enseignants qui s’occupent égoïstement de leurs propres besoins, comme s’ils étaient des bergers qui se nourrissent et prennent soin d’eux-mêmes au lieu de leurs troupeaux. Si vos lecteurs comprennent mal cette métaphore, vous pouvez l’exprimer par une simile ou de manière non figurative. Traduction alternative : “comme des bergers qui se nourrissent eux-mêmes au lieu de leurs troupeaux” ou “qui ne s’occupent que d’eux-mêmes” (Voir : [[rc://fr/ta/man/translate/figs-metaphor]])
JUD	1	12	s2st	JUD_1_12_s2st	νεφέλαι ἄνυδροι ὑπὸ ἀνέμων παραφερόμεναι	Jude parle au sens figuré des faux enseignants pour décrire leur inutilité. Les gens s’attendent à ce que les nuages fournissent de l’eau pour faire pousser les cultures, mais **les nuages sans eau** déçoivent les agriculteurs en étant emportés par le vent sans donner de pluie. De la même manière, les faux enseignants, bien qu’ils promettent beaucoup de choses, sont incapables de faire ce qu’ils promettent. Si vos lecteurs comprenaient mal cette métaphore, vous pourriez la traduire de manière non figurative ou la transformer en simile. Traduction alternative : “Ces faux enseignants ne donnent jamais ce qu’ils promettent” ou “Ces faux enseignants déçoivent comme des nuages sans eau” (Voir : [[rc://fr/ta/man/translate/figs-metaphor]]).
JUD	1	12	diqd	JUD_1_12_diqd	ὑπὸ ἀνέμων παραφερόμεναι	Si votre langue n’utilise pas la forme passive **carried along**, vous pouvez l’exprimer avec une forme active. Traduction alternative : “que le vent emporte” (Voir : [[rc://fr/ta/man/translate/figs-activepassive]])
JUD	1	12	gs99	JUD_1_12_gs99	δένδρα φθινοπωρινὰ ἄκαρπα	Ici, Jude parle à nouveau au sens figuré des faux enseignants pour décrire leur inutilité. Les gens s’attendent à ce que les arbres en automne donnent des fruits, mais **les arbres d’automne sans fruits** les déçoivent. De la même manière, les faux enseignants, bien qu’ils promettent beaucoup de choses, sont incapables de faire ce qu’ils promettent. Si vos lecteurs comprenaient mal cette métaphore, vous pourriez la traduire de manière non figurative ou la transformer en simile. Autre traduction possible : “ne donnant jamais ce qu’ils promettent” ou “comme des arbres fruitiers stériles” (Voir : [[rc://fr/ta/man/translate/figs-metaphor]])
JUD	1	12	doxh	JUD_1_12_doxh	δὶς ἀποθανόντα ἐκριζωθέντα	Jude utilise ici le passé au sens figuré pour faire référence à quelque chose qui se produira dans le futur. Il le fait pour montrer que l’événement se produira certainement. Si cela n’est pas clair dans votre langue, vous pouvez utiliser le futur. Traduction alternative : “ils mourront certainement deux fois, ils seront certainement déracinés” (Voir : [[rc://fr/ta/man/translate/figs-pastforfuture]])
JUD	1	12	zk57	JUD_1_12_zk57	δὶς ἀποθανόντα ἐκριζωθέντα	Ici, **> être mort deux fois <** pourrait signifier : (1) les arbres sont considérés comme morts d’abord parce qu’ils ne produisent pas de fruits, mais doublement morts parce qu’ils sont déracinés en réponse à leur manque de fruits. Traduction alternative : “étant morts deux fois en étant sans fruit et déracinés” (2) les arbres, qui représentent les faux enseignants, sont spirituellement morts mais seront aussi physiquement morts lorsque Dieu les tuera. “étant spirituellement morts et ensuite physiquement morts quand ils ont été déracinés”.
JUD	1	12	t28p	JUD_1_12_t28p	ἐκριζωθέντα	Jude décrit le jugement de Dieu sur ces faux enseignants de manière figurative, comme des arbres qui ont été complètement arrachés du sol par leurs racines. Si vos lecteurs comprennent mal cette métaphore, vous pouvez l’exprimer de manière non figurative. Traduction alternative : “ayant été détruits” (Voir : [[rc://fr/ta/man/translate/figs-metaphor]])
JUD	1	12	g76g	JUD_1_12_g76g	ἐκριζωθέντα	Si votre langue n’utilise pas cette forme passive, vous pouvez la remplacer par une forme active et dire qui a fait l’action. Traduction alternative : “Dieu les a déracinés” (Voir : [[rc://fr/ta/man/translate/figs-activepassive]])
JUD	1	13	e4rm	JUD_1_13_e4rm	κύματα ἄγρια θαλάσσης	Ici, Jude parle au sens figuré des faux enseignants pour décrire leur comportement incontrôlé et indomptable. Il les décrit comme **des vagues sauvages** qui s’agitent de manière incontrôlable. Si vos lecteurs comprennent mal cette métaphore, vous pouvez traduire de manière non figurative ou transformer la métaphore en simile. Traduction alternative : “ils agissent de manière incontrôlée” ou “ils sont déchaînés comme des vagues sauvages” (Voir : [[rc://fr/ta/man/translate/figs-metaphor]]).
JUD	1	13	fgr9	JUD_1_13_fgr9	ἐπαφρίζοντα τὰς ἑαυτῶν αἰσχύνας	Ici, Jude élargit la métaphore des vagues de la phrase précédente, en parlant au sens figuré des **actes honteux** des faux enseignants. Comme les vagues laissent de l’écume sale sur le rivage que tout le monde peut voir, ainsi les faux enseignants continuent à agir honteusement à la vue des autres. Si vos lecteurs comprennent mal cette métaphore, vous pouvez traduire de manière non figurative ou transformer la métaphore en simile. Traduction alternative : “ils rendent leurs actes honteux visibles à tous” ou “ils montrent leurs actes honteux comme des vagues laissent de l’écume” (Voir : [[rc://fr/ta/man/translate/figs-metaphor]])
JUD	1	13	r6rj	JUD_1_13_r6rj	ἀστέρες πλανῆται	Ici, l’expression **étoiles errantes** décrit des **étoiles** qui se sont éloignées de leur trajectoire normale de mouvement. Jude utilise cette expression au sens figuré pour décrire les faux enseignants comme des personnes qui ont cessé de faire ce qui plaît au Seigneur. Si vos lecteurs comprenaient mal cette métaphore, vous pourriez l’exprimer de manière non figurative ou avec une simile. Autre traduction possible : “ne vivant plus dans la justice” ou “comme des étoiles qui s’éloignent de leur chemin” (Voir : [[rc://fr/ta/man/translate/figs-metaphor]])
JUD	1	13	djm4	JUD_1_13_djm4	οἷς ὁ ζόφος τοῦ σκότους εἰς αἰῶνα τετήρηται	Si votre langue n’utilise pas la forme passive **a été gardé**, vous pouvez l’exprimer avec une forme active, et vous pouvez indiquer qui a fait l’action. Traduction alternative : “pour qui Dieu a gardé les ténèbres et l’obscurité pour l’éternité” (Voir : [[rc://fr/ta/man/translate/figs-activepassive]])
JUD	1	13	n4oc	JUD_1_13_n4oc	οἷς	Ici, **qui** fait référence aux faux enseignants que Jude a appelés “étoiles errantes” dans la phrase précédente. Si cela peut être utile à vos lecteurs, vous pourriez indiquer explicitement que cela fait référence aux faux enseignants. Traduction alternative : “faux enseignants pour lesquels” (Voir : [[rc://fr/ta/man/translate/writing-pronouns]])
JUD	1	13	iast	JUD_1_13_iast	ὁ ζόφος τοῦ σκότους	Ici, **> gloom of darkness <** pourrait signifier : (1) le gloom est caractérisé par l’obscurité. Traduction alternative : “the dark gloom” (2) la morosité est identique à l’obscurité. Traduction alternative : “the gloom, which is darkness”.
JUD	1	13	oey6	JUD_1_13_oey6	ὁ ζόφος τοῦ σκότους	Ici, Jude utilise **ténèbres** et **obscurité** au sens figuré pour désigner l’enfer. Si vos lecteurs comprennent mal cette métaphore, vous pouvez l’exprimer directement. Traduction alternative : “ à qui Dieu a réservé les ténèbres de l’enfer “ (voir : [[rc://fr/ta/man/translate/figs-metaphor]]).
JUD	1	14	crwg	JUD_1_14_crwg	Ἑνὼχ	**Enoch** est le nom d’un homme. (Voir : [[rc://fr/ta/man/translate/translate-names]])
JUD	1	14	e5wv	JUD_1_14_e5wv	ἕβδομος ἀπὸ Ἀδὰμ	Puisque **> Adam <** est considéré comme la première génération de l’humanité, Hénoch est la septième génération.
JUD	1	14	br8e	JUD_1_14_br8e	Ἀδὰμ	**Adam** est le nom d’un homme. (Voir : [[rc://fr/ta/man/translate/translate-names]])
JUD	1	14	marg	JUD_1_14_marg	τούτοις	Ici, **ces derniers** se réfère aux faux enseignants. Si cela pouvait être utile à vos lecteurs, vous pourriez l’exprimer explicitement. Traduction alternative : “sur ces faux enseignants” (Voir : [[rc://fr/ta/man/translate/writing-pronouns]])
JUD	1	14	yenq	JUD_1_14_yenq	λέγων	Réfléchissez aux moyens naturels d’introduire les citations directes dans votre langue. Traduction alternative : “et il dit” (Voir : [[rc://fr/ta/man/translate/writing-quotations]])
JUD	1	14	lu2y	JUD_1_14_lu2y	ἰδοὺ	Le terme **Behold** concentre l’attention d’un auditeur ou d’un lecteur sur ce qu’un orateur ou un écrivain est sur le point de dire. Bien qu’il signifie littéralement “regarder” ou “voir”, le terme peut être utilisé au sens figuré pour signifier le fait de prêter attention, et c’est ainsi que Jacques l’utilise ici. Traduction alternative : “Prêtez attention à ce que j’ai à dire !” (Voir : [[rc://fr/ta/man/translate/figs-metaphor]])
JUD	1	14	acin	JUD_1_14_acin	ἦλθεν Κύριος	Jude utilise ici le passé au sens figuré pour faire référence à quelque chose qui se produira dans le futur. Il le fait pour montrer que l’événement se produira certainement. Si cela n’est pas clair dans votre langue, vous pouvez utiliser le futur. Autre traduction : “Le Seigneur viendra certainement” (Voir : [[rc://fr/ta/man/translate/figs-pastforfuture]])
JUD	1	14	pylm	JUD_1_14_pylm	Κύριος	Ici, **> Seigneur <** pourrait se référer à : (1) Jésus. Traduction alternative, comme dans l’UST : “Le Seigneur Jésus” (2) Dieu. Traduction alternative : “Le Seigneur Dieu”
JUD	1	14	tyf8	JUD_1_14_tyf8	μυριάσιν	Le mot **myriades** est le pluriel du mot grec “myriade”, qui signifie dix mille (10 000) mais est souvent utilisé pour désigner un grand nombre. Vous pouvez exprimer ce nombre de la manière qui serait la plus naturelle dans votre langue. Autre traduction : “dizaines de milliers” (Voir : [[rc://fr/ta/man/translate/translate-unknown]])
JUD	1	14	ljm1	JUD_1_14_ljm1	ἁγίαις	Ici, **> les saints <** pourraient se référer à : (1) les anges, comme le suggère la présence d’anges dans des déclarations similaires sur le jugement en Matthieu 24:31, 25:31, Marc 89:38, et 2 Thessaloniciens 1:7. Autre traduction, comme dans l’UST : “ses saints anges” (2) les croyants. Autre traduction : “ses saints croyants” ou “ses saints”.
JUD	1	15	moys	JUD_1_15_moys	ποιῆσαι κρίσιν…καὶ ἐλέγξαι	Ici, les deux occurrences du mot **à** indiquent le but pour lequel le Seigneur vient avec ses saints. Autre traduction : “dans le but de juger... et de réprimander” (Voir : [[rc://fr/ta/man/translate/grammar-connect-logic-goal]])
JUD	1	15	bl4q	JUD_1_15_bl4q	ποιῆσαι κρίσιν κατὰ	Si vos lecteurs comprennent mal le nom abstrait **jugement**, vous pouvez exprimer l’idée qui le sous-tend par une phrase verbale. Traduction alternative : “juger” (Voir : [[rc://fr/ta/man/translate/figs-abstractnouns]])
JUD	1	15	qeei	JUD_1_15_qeei	πᾶσαν ψυχὴν	Ici, **âme** fait référence à une personne. Traduction alternative : “chaque personne” (Voir : [[rc://fr/ta/man/translate/figs-synecdoche]])
JUD	1	15	twxy	JUD_1_15_twxy	τῶν ἔργων ἀσεβείας αὐτῶν	Ici, Jude utilise la forme possessive pour décrire les **œuvres** qui sont caractérisées par **l’impiété**. Si cela n’est pas clair dans votre langue, vous pourriez utiliser une phrase pour l’expliquer. Traduction alternative : “œuvres impies” (Voir : [[rc://fr/ta/man/translate/figs-possession]])
JUD	1	15	y4y5	JUD_1_15_y4y5	τῶν σκληρῶν	Ici, **> dureté des {choses} <** se réfère aux déclarations dures que les pécheurs prononcent de manière calomnieuse contre le Seigneur. Traduction alternative : “les mots durs” ou “les déclarations offensantes”.
JUD	1	15	d6hy	JUD_1_15_d6hy	αὐτοῦ	Ici le pronom **lui** pourrait se référer à : (1) Jésus. Autre traduction, comme dans l’UST : “Jésus” (2) Dieu. Autre traduction : “Dieu” L’option que vous choisissez doit être en accord avec votre choix pour la signification de “Seigneur” dans le verset précédent. (Voir : [[rc://fr/ta/man/translate/writing-pronouns]])
JUD	1	16	a4le	JUD_1_16_a4le	οὗτοί	Ici, **Ces derniers** font référence aux faux enseignants que Jude a présentés pour la première fois au verset [4](../01/04.md) et dont il a parlé tout au long de la lettre. Puisque Jude est passé, dans le verset précédent, à la description du jugement de tous ceux qui commettent des actes méchants, il peut être utile pour vous d’informer vos lecteurs que ce verset revient à se concentrer spécifiquement sur les faux enseignants. Traduction alternative : “Ces faux enseignants” (Voir : [[rc://fr/ta/man/translate/writing-pronouns]])
JUD	1	16	zs28	JUD_1_16_zs28	εἰσιν γογγυσταί μεμψίμοιροι	Ici, les termes **> murmureurs <** et **> râleurs <** font référence à deux manières différentes d’exprimer le mécontentement ou le malheur. Alors que les **> murmures <** sont des personnes qui expriment leurs plaintes à voix basse, les **> plaignants <** les expriment ouvertement. Lorsque les Israélites voyageaient dans le désert après avoir quitté l’Égypte, ils étaient souvent punis par Dieu pour avoir grommelé et s’être plaints contre lui et leurs dirigeants, ce qui est évidemment ce que ces faux enseignants faisaient à l’époque de Jude. Traduction alternative : “ronchonner tranquillement pour eux-mêmes et se plaindre bruyamment”.
JUD	1	16	z5bn	JUD_1_16_z5bn	πορευόμενοι	Ici, Jude utilise **aller** au sens figuré pour faire référence à l’habitude de faire quelque chose. Si vos lecteurs comprendraient mal cette métaphore, vous pouvez l’exprimer au sens propre. Traduction alternative : “ceux qui vivent habituellement” (Voir : [[rc://fr/ta/man/translate/figs-metaphor]])
JUD	1	16	jhrq	JUD_1_16_jhrq	τὰς ἐπιθυμίας αὐτῶν	Ici, **> convoitises <** fait référence aux désirs pécheurs qui s’opposent à la volonté de Dieu. Traduction alternative : “leurs désirs pécheurs”
JUD	1	16	xum2	JUD_1_16_xum2	τὸ στόμα αὐτῶν λαλεῖ	Ici, Jude utilise le singulier **> bouche <** de manière distributive. Si cela devait prêter à confusion pour vos lecteurs, vous pourriez l’exprimer explicitement ou utiliser un nom et un verbe au pluriel. Traduction alternative : “la bouche de chacun d’eux parle” ou “leurs bouches parlent”.
JUD	1	16	xuf0	JUD_1_16_xuf0	τὸ στόμα αὐτῶν λαλεῖ	Ici, la bouche **>** représente la personne qui parle. Traduction alternative : “ils parlent” (Voir : [[rc://fr/ta/man/translate/figs-metonymy]])
JUD	1	16	eaf2	JUD_1_16_eaf2	λαλεῖ ὑπέρογκα	Ici, **> choses vantardes <** fait référence aux déclarations arrogantes sur eux-mêmes que ces faux enseignants faisaient. Traduction alternative : “se vantent d’eux-mêmes” ou “tiennent des propos vantards”.
JUD	1	16	w3ma	JUD_1_16_w3ma	θαυμάζοντες πρόσωπα	Il s’agit d’une expression idiomatique qui signifie faire preuve de favoritisme envers quelqu’un ou flatter quelqu’un. Si vos lecteurs comprennent mal cette expression, vous pouvez utiliser une expression équivalente ou utiliser un langage simple. Traduction alternative : “favoriser les gens” ou “flatter les gens” (Voir : [[rc://fr/ta/man/translate/figs-idiom]])
JUD	1	16	j8rh	JUD_1_16_j8rh	θαυμάζοντες πρόσωπα	Ici, les visages **>** font référence aux personnes qu’ils flattent. Traduction alternative : “personnes admiratives” (Voir : [[rc://fr/ta/man/translate/figs-metonymy]])
JUD	1	17	vpgz	JUD_1_17_vpgz	ἀγαπητοί	Ici, **les bien-aimés** désigne ceux à qui Jude écrit, ce qui peut être étendu à tous les croyants. Si vos lecteurs comprenaient mal ce terme, vous pourriez l’exprimer explicitement. Voyez comment vous avez traduit cela au verset [3](../01/03.md). Traduction alternative : “bien-aimés coreligionnaires” (Voir : [[rc://fr/ta/man/translate/figs-explicit]])
JUD	1	17	eqko	JUD_1_17_eqko	τῶν ῥημάτων	Ici, Jude utilise **mots** pour décrire les enseignements des apôtres qui ont été transmis en utilisant des mots. Les enseignements spécifiques auxquels Jude fait référence ici sont décrits dans le verset suivant. Traduction alternative : “les enseignements” (Voir : [[rc://fr/ta/man/translate/figs-metonymy]])
JUD	1	17	nyja	JUD_1_17_nyja	τοῦ Κυρίου ἡμῶν	Ici, **notre Seigneur** signifie “la personne qui est seigneur sur nous” ou “la personne qui règne sur nous”. Traduction alternative : “de la personne qui nous gouverne” (Voir : [[rc://fr/ta/man/translate/figs-possession]])
JUD	1	17	qjsf	JUD_1_17_qjsf	ἡμῶν	Ici, **notre** se réfère à tous les croyants. (Voir : [[rc://fr/ta/man/translate/figs-exclusive]])
JUD	1	18	toms	JUD_1_18_toms	ὅτι ἔλεγον ὑμῖν	Cette phrase indique que ce verset contient le contenu des “paroles” prononcées par les apôtres, auxquelles Jude fait référence dans le verset précédent.
JUD	1	18	nlh9	JUD_1_18_nlh9	ἐσχάτου χρόνου	Ici, **la dernière fois** est un idiome qui fait référence au temps avant le retour de Jésus. Traduction alternative : “le temps juste avant le retour de Jésus” (Voir : [[rc://fr/ta/man/translate/figs-idiom]])
JUD	1	18	w1mx	JUD_1_18_w1mx	πορευόμενοι	Ici, Jude utilise le mot **aller** au sens figuré pour faire référence à l’habitude de faire quelque chose. Si vos lecteurs comprendraient mal cette métaphore, vous pouvez l’exprimer au sens propre. Traduction alternative : “ ceux qui vivent habituellement “ (voir : [[rc://fr/ta/man/translate/figs-metaphor]]).
JUD	1	18	j5m4	JUD_1_18_j5m4	κατὰ τὰς ἑαυτῶν ἐπιθυμίας…τῶν ἀσεβειῶν	Ici, **> les convoitises de l’impiété <** se réfèrent aux désirs pécheurs qui sont opposés à la volonté de Dieu. Traduction alternative : “selon leurs propres désirs pécheurs et impies”.
JUD	1	19	r28j	JUD_1_19_r28j	οὗτοί	Ici, **Ces** font référence aux moqueurs dont Jude a parlé dans le verset précédent. Si cela peut être utile pour vos lecteurs, vous pourriez l’exprimer explicitement. Autre traduction, comme dans l’UST : “Ces moqueurs” (Voir : [[rc://fr/ta/man/translate/writing-pronouns]])
JUD	1	19	l568	JUD_1_19_l568	οἱ ἀποδιορίζοντες	Si vos lecteurs comprennent mal le nom abstrait **divisions**, vous pouvez exprimer l’idée qui le sous-tend avec une expression équivalente. Traduction alternative : “ ceux qui divisent les autres les uns contre les autres “ (Voir : [[rc://fr/ta/man/translate/figs-abstractnouns]]).
JUD	1	19	jwyt	JUD_1_19_jwyt	Πνεῦμα	Ici, **Esprit** fait référence au Saint-Esprit. Il ne fait pas référence à l’esprit d’un humain ou à un mauvais esprit. Si vos lecteurs comprenaient mal cela, vous pourriez l’exprimer explicitement. Traduction alternative, comme dans l’UST : “le Saint-Esprit” (Voir : [[rc://fr/ta/man/translate/figs-explicit]])
JUD	1	19	ba6u	JUD_1_19_ba6u	ψυχικοί	Jude utilise au sens figuré une partie de l’être humain, l’âme, par opposition à une autre partie, l’esprit, pour signifier “ non spirituel. “ Le mot **soulish** décrit quelqu’un qui vit selon ses instincts naturels plutôt que selon la parole et l’Esprit de Dieu. Il est utilisé pour désigner les personnes qui ne sont pas de vrais croyants. Traduction alternative : “ non spirituel “ ou “ mondain “ (voir : [[rc://fr/ta/man/translate/figs-metonymy]]).
JUD	1	19	qn4p	JUD_1_19_qn4p	Πνεῦμα μὴ ἔχοντες	On parle du Saint-Esprit **au sens figuré, comme s’il s’agissait de quelque chose que les gens peuvent posséder. Si vos lecteurs comprenaient mal cette métaphore, vous pourriez l’exprimer de manière non figurative. Traduction alternative : “l’Esprit n’est pas en eux” (Voir : [[rc://fr/ta/man/translate/figs-metaphor]])
JUD	1	20	xm93	JUD_1_20_xm93	ἀγαπητοί	Ici, **les bien-aimés** désigne ceux à qui Jude écrit, ce qui peut être étendu à tous les croyants. Si vos lecteurs se méprenaient sur ce point, vous pourriez l’exprimer explicitement. Voyez comment vous avez traduit cela au verset [3](../01/03.md). Traduction alternative : “bien-aimés coreligionnaires” (Voir : [[rc://fr/ta/man/translate/figs-explicit]])
JUD	1	20	cc68	JUD_1_20_cc68	ἐποικοδομοῦντες ἑαυτοὺς τῇ ἁγιωτάτῃ ὑμῶν πίστει	Ici, Jude parle au sens figuré du fait de devenir de plus en plus capable de faire confiance à Dieu, comme s’il s’agissait du processus de construction d’un bâtiment. Si vos lecteurs comprennent mal cette métaphore, vous pouvez l’exprimer de manière non figurative ou utiliser une simile. Traduction alternative : “faire en sorte que vous augmentiez votre confiance en Dieu” ou “faire en sorte que vous augmentiez votre confiance comme on construit un édifice” (Voir : [[rc://fr/ta/man/translate/figs-metaphor]])
JUD	1	20	c2o9	JUD_1_20_c2o9	ἐποικοδομοῦντες ἑαυτοὺς	Cette clause fait référence à un moyen par lequel les lecteurs de Jude peuvent obéir au commandement de se garder dans l’amour de Dieu, qu’il énonce au verset suivant. Si cela peut être utile dans votre langue, vous pouvez l’indiquer explicitement. Traduction alternative : “par le moyen de vous édifier”
JUD	1	20	uyfx	JUD_1_20_uyfx	τῇ ἁγιωτάτῃ ὑμῶν πίστει	Si vos lecteurs comprenaient mal le nom abstrait **foi**, vous pourriez exprimer l’idée qui le sous-tend avec un verbe, tel que “faire confiance” ou “croire”. Traduction alternative : “en ce que vous croyez qui est le plus saint” (Voir : [[rc://fr/ta/man/translate/figs-abstractnouns]])
JUD	1	20	m3rg	JUD_1_20_m3rg	ἐν Πνεύματι Ἁγίῳ προσευχόμενοι	Cette clause fait référence à un deuxième moyen par lequel les lecteurs de Jude peuvent obéir au commandement de se garder dans l’amour de Dieu, qu’il énonce au verset suivant. Si vos lecteurs devaient mal comprendre cela, vous pourriez l’exprimer explicitement. Traduction alternative : “au moyen de la prière dans l’Esprit Saint”
JUD	1	21	j9su	JUD_1_21_j9su	ἑαυτοὺς ἐν ἀγάπῃ Θεοῦ τηρήσατε	Si votre langue place le commandement au début de la phrase et avant les autres clauses modificatrices, vous pourriez alors créer un pont entre les versets en déplaçant cette clause vers le verset précédent, en la plaçant juste avant “vous édifier dans votre très sainte foi”. Vous devrez présenter les versets combinés comme 20-21. (Voir : [[rc://fr/ta/man/translate/translate-versebridge]])
JUD	1	21	zd2c	JUD_1_21_zd2c	ἑαυτοὺς ἐν ἀγάπῃ Θεοῦ τηρήσατε	Ici, Jude parle au sens figuré du fait de rester capable de recevoir l’**amour de Dieu** comme si on se gardait dans un certain endroit. Si vos lecteurs comprenaient mal cette métaphore, vous pourriez l’exprimer explicitement. Traduction alternative : “restez capables de recevoir l’amour de Dieu” (Voir : [[rc://fr/ta/man/translate/figs-metaphor]])
JUD	1	21	s6w6	JUD_1_21_s6w6	προσδεχόμενοι τὸ ἔλεος τοῦ Κυρίου ἡμῶν	Cette clause se produit en même temps que la clause qui la précède. Si vos lecteurs risquent de mal comprendre ce lien, vous pouvez l’exprimer explicitement. Autre traduction possible : “ en attendant la miséricorde de notre Seigneur “ ou “ en attendant la miséricorde de notre Seigneur “.
JUD	1	21	p3bw	JUD_1_21_p3bw	τὸ ἔλεος τοῦ Κυρίου ἡμῶν, Ἰησοῦ Χριστοῦ	Ici, **la miséricorde** pourrait faire référence à : (1) la miséricorde dont Jésus fera preuve envers les croyants lors de son retour sur terre. Traduction alternative : “notre Seigneur Jésus-Christ qui reviendra et agira avec miséricorde” (2) les actes continus de miséricorde de Jésus envers les croyants en général. Autre traduction : “notre Seigneur Jésus-Christ agira avec miséricorde” (Voir : [[rc://fr/ta/man/translate/figs-abstractnouns]])
JUD	1	21	mzqu	JUD_1_21_mzqu	τοῦ Κυρίου ἡμῶν	Ici, **notre Seigneur** signifie “la personne qui est seigneur sur nous” ou “la personne qui règne sur nous.” Voyez comment vous avez traduit cette expression au verset [17](../01/17.md). Traduction alternative : “ de la personne qui nous gouverne “, (Voir : [[rc://fr/ta/man/translate/figs-possession]]).
JUD	1	21	okfy	JUD_1_21_okfy	ἡμῶν	Ici, **notre** se réfère à tous les croyants. (Voir : [[rc://fr/ta/man/translate/figs-exclusive]])
JUD	1	21	qb29	JUD_1_21_qb29	τὸ ἔλεος τοῦ Κυρίου ἡμῶν, Ἰησοῦ Χριστοῦ, εἰς ζωὴν αἰώνιον	Jude utilise **à** pour introduire le résultat de **la miséricorde**. Si cela peut être utile à vos lecteurs, vous pourriez l’exprimer explicitement. Traduction alternative : “la miséricorde de notre Seigneur Jésus-Christ, qui apporte la vie éternelle” (Voir : [[rc://fr/ta/man/translate/grammar-connect-logic-result]])
JUD	1	22	ynz1	JUD_1_22_ynz1	ἐλεᾶτε	Si vos lecteurs comprennent mal le nom abstrait **mercy**, vous pouvez exprimer l’idée qui le sous-tend avec une expression équivalente. Traduction alternative : “agir avec miséricorde envers” (Voir : [[rc://fr/ta/man/translate/figs-abstractnouns]])
JUD	1	22	wbr5	JUD_1_22_wbr5	οὓς…διακρινομένους	La phrase **> {quelques-uns} qui doutent <** fait référence aux personnes qui sont devenues confuses à cause de l’enseignement et des activités des faux enseignants. Traduction alternative : “certains qui doutent de ce qu’il faut croire”.
JUD	1	23	gx9t	JUD_1_23_gx9t	ἐκ πυρὸς ἁρπάζοντες	Cette clause indique le moyen par lequel Jude veut que son public sauve un certain groupe de personnes. Si vos lecteurs comprennent mal ce lien, vous pouvez l’exprimer explicitement. Traduction alternative : “au moyen d’arracher au feu”
JUD	1	23	wkj9	JUD_1_23_wkj9	ἐκ πυρὸς ἁρπάζοντες	Ici, Jude parle au sens figuré de sauver d’urgence certaines personnes de l’enfer, comme s’il s’agissait de tirer des gens d’un **incendie** avant qu’ils ne commencent à brûler. Si vos lecteurs comprenaient mal cette métaphore, vous pourriez l’exprimer de manière non figurative ou utiliser une simile. Traduction alternative : “ faire tout ce qui doit être fait pour les empêcher d’aller en enfer “ ou “ faire tout ce qui doit être fait pour les sauver, comme si on les tirait du feu “ (Voir : [[rc://fr/ta/man/translate/figs-metaphor]]).
JUD	1	23	ign7	JUD_1_23_ign7	ἐλεᾶτε	Si vos lecteurs comprennent mal le nom abstrait **mercy**, vous pouvez exprimer l’idée qui le sous-tend avec une expression équivalente. Traduction alternative : “agir avec miséricorde envers” (Voir : [[rc://fr/ta/man/translate/figs-abstractnouns]])
JUD	1	23	uavk	JUD_1_23_uavk	ἐν φόβῳ	Cette phrase indique la manière dont Jude voulait que ses lecteurs aient pitié d’un certain groupe de personnes. Autre traduction : “en étant prudent”
JUD	1	23	u4px	JUD_1_23_u4px	μισοῦντες καὶ τὸν ἀπὸ τῆς σαρκὸς ἐσπιλωμένον χιτῶνα	Jude exagère pour avertir ses lecteurs qu’ils peuvent devenir comme ces pécheurs. Autre traduction : “les traiter comme si on pouvait devenir coupable de péché rien qu’en touchant leurs vêtements” (Voir : [[rc://fr/ta/man/translate/figs-hyperbole]])
JUD	1	23	sexc	JUD_1_23_sexc	τῆς σαρκὸς	Ici, **chair** est utilisé au sens figuré pour désigner la nature pécheresse d’une personne. Si vos lecteurs comprenaient mal cette métaphore, vous pourriez l’exprimer littéralement. Traduction alternative : “leur nature pécheresse” (Voir : [[rc://fr/ta/man/translate/figs-metaphor]])
JUD	1	24	r3jx	JUD_1_24_r3jx	τῷ δὲ δυναμένῳ φυλάξαι	Ici, **le seul** se réfère à Dieu. Si vos lecteurs le comprennent mal, vous pourriez l’exprimer explicitement. Traduction alternative : “à Dieu, qui est capable de garder” (Voir : [[rc://fr/ta/man/translate/figs-explicit]])
JUD	1	24	jvpm	JUD_1_24_jvpm	φυλάξαι ὑμᾶς ἀπταίστους	Ici, Jude utilise **trébucher** pour parler au sens figuré du retour au péché habituel comme si l’on trébuchait sur quelque chose. Si vos lecteurs comprenaient mal cette métaphore, vous pourriez l’exprimer de manière non figurative. Traduction alternative : “pour vous empêcher de revenir à des habitudes de péché” (Voir : [[rc://fr/ta/man/translate/figs-metaphor]]).
JUD	1	24	w1dc	JUD_1_24_w1dc	τῆς δόξης αὐτοῦ	Ici, **gloire** fait référence à la lumière vive qui entoure la présence de Dieu. Si vos lecteurs comprenaient mal ce nom abstrait, vous pourriez le traduire par un adjectif. Traduction alternative : “sa glorieuse présence” (Voir : [[rc://fr/ta/man/translate/figs-abstractnouns]])
JUD	1	24	gq9e	JUD_1_24_gq9e	ἐν ἀγαλλιάσει	Cette phrase décrit la manière dont les croyants se présenteront devant Dieu. Autre traduction, comme dans l’UST : “avec une grande joie”.
JUD	1	25	a3ua	JUD_1_25_a3ua	μόνῳ Θεῷ Σωτῆρι ἡμῶν	Ici, **> notre Sauveur <** se réfère à Dieu. Il ne se réfère pas à Jésus. Cette phrase souligne que Dieu le Père, ainsi que le Fils, est le Sauveur. Si vos lecteurs comprenaient mal cette phrase, vous pourriez l’exprimer explicitement. Traduction alternative : “au seul Dieu, qui est notre Sauveur”
JUD	1	25	m1g8	JUD_1_25_m1g8	Σωτῆρι ἡμῶν	Si vos lecteurs comprenaient mal le nom abstrait **Savior**, vous pourriez exprimer l’idée qui le sous-tend avec une expression équivalente. Traduction alternative : “la personne qui sauve” (Voir : [[rc://fr/ta/man/translate/figs-abstractnouns]])
JUD	1	25	db0v	JUD_1_25_db0v	τοῦ Κυρίου ἡμῶν,	Si vos lecteurs comprenaient mal le nom abstrait **Seigneur**, vous pourriez exprimer l’idée qui le sous-tend avec une expression équivalente. Traduction alternative : “la personne qui gouverne” (Voir : [[rc://fr/ta/man/translate/figs-abstractnouns]])
JUD	1	25	kql5	JUD_1_25_kql5	μόνῳ Θεῷ…δόξα, μεγαλωσύνη, κράτος, καὶ ἐξουσία	Si vos lecteurs comprenaient mal les noms abstraits **gloire, majesté, pouvoir** et **autorité**, vous pourriez les traduire par des locutions adjectives. Traduction alternative : “ que le seul Dieu... soit reconnu comme glorieux, majestueux, puissant et faisant autorité “ (Voir : [[rc://fr/ta/man/translate/figs-abstractnouns]]).
JUD	1	25	dya1	JUD_1_25_dya1	πρὸ παντὸς τοῦ αἰῶνος	Il s’agit d’une idiome qui fait référence à l’éternité passée. Si vos lecteurs comprennent mal cette idiome, vous pouvez utiliser une idiome équivalente ou utiliser un langage simple. Traduction alternative : “dans l’éternité passée” ou “avant tout” (Voir : [[rc://fr/ta/man/translate/figs-idiom]])
JUD	1	25	kof4	JUD_1_25_kof4	εἰς πάντας τοὺς αἰῶνας	Il s’agit d’une expression idiomatique qui signifie “pour toujours”. Si vos lecteurs risquent de mal comprendre cette idiome, vous pouvez utiliser une idiome équivalente ou utiliser un langage simple. Traduction alternative : “à l’éternité” ou “pour toujours” (Voir : [[rc://fr/ta/man/translate/figs-idiom]])
